Subjects,lh,lh-Corpus_Collosum,lh-Frontal,lh-Insula,lh-Occipital,lh-Parietal,lh-Temporal,rh,rh-Corpus_Collosum,rh-Frontal,rh-Insula,rh-Occipital,rh-Parietal,rh-Temporal
0010001,2.73900517808173,0.671275479920198,2.92752913854368,2.9829740476705,2.14384700936817,2.62981626175471,2.78863016827702,2.71508490838364,0.689316237710528,2.89456195414302,2.9559902356182,2.20840615008575,2.59271614732131,2.78931692218546
0010002,2.60131857290139,0.507539410936957,2.78037923776631,2.99284895794801,2.0628874511049,2.36766105787988,2.81678671022386,2.61498388855111,0.810159829616018,2.74680348774993,3.03457582305374,2.17773135694443,2.44296942357191,2.82335068308509
0010004,2.65872399764016,0.533087201414212,2.92306334433811,2.86765384975168,2.0088250218271,2.46899597598263,2.82433329928512,2.63140464920886,0.630258570121524,2.80368772018939,2.90310126411204,1.89446875755376,2.52216659249714,2.85309745618376
