Subjects,lh,lh-Corpus_Collosum,lh-Frontal,lh-Insula,lh-Occipital,lh-Parietal,lh-Temporal,rh,rh-Corpus_Collosum,rh-Frontal,rh-Insula,rh-Occipital,rh-Parietal,rh-Temporal
0010001,113757.771523099,6228.64421432381,42573.9008035138,2222.29320141159,11879.3115155876,31716.6657675745,23601.707142696,112592.165621158,5885.0451784218,41667.5749332334,2039.23532900103,12280.3665735327,32231.7478025273,22595.2691749559
0010002,102635.364942598,4823.87274188572,39261.4644075191,1923.98899731166,12224.9453922797,27044.8910083539,21136.2695678859,103228.954150246,5933.59316247086,40174.5446298339,1914.93059403402,12629.9711068282,28235.075585455,18176.3997530767
0010004,86905.4360572213,5130.24312495497,31194.3880539194,1912.09123514411,10601.4498168516,25304.4814952643,16674.3852036027,88547.6762967794,5569.36804379352,32217.4049965349,1838.875761086,10179.5683280845,25596.8983985272,17199.5250600836
